AN;MOIS;JOUR;RR;TM
2003;1;1;3.4;7.2
2003;1;2;0.8;10.9
2003;1;3;0.2;11.0
2003;1;4;2.4;6.1
2003;1;5;0.6;2.0
2003;1;6;1.2;0.6
2003;1;7;1.2;-0.9
2003;1;8;3.4;4.3
2003;1;9;0.0;5.4
2003;1;10;0.0;-0.9
2003;1;11;0.0;-1.7
2003;1;12;0.0;-3.3
2003;1;13;0.0;-2.7
2003;1;14;0.0;1.3
2003;1;15;0.0;2.5
2003;1;16;0.6;5.4
2003;1;17;0.0;3.4
2003;1;18;0.0;6.3
2003;1;19;12.4;7.1
2003;1;20;6.4;6.4
2003;1;21;2.6;8.9
2003;1;22;1.2;8.5
2003;1;23;0.0;7.3
2003;1;24;0.0;5.9
2003;1;25;1.0;2.9
2003;1;26;8.2;6.7
2003;1;27;0.2;9.8
2003;1;28;4.8;8.9
2003;1;29;2.2;4.9
2003;1;30;4.6;3.3
2003;1;31;0.0;1.3
2003;2;1;1.2;2.5
2003;2;2;3.0;7.8
2003;2;3;24.2;9.6
2003;2;4;5.0;5.7
2003;2;5;4.2;3.1
2003;2;6;0.0;1.7
2003;2;7;0.0;2.0
2003;2;8;0.0;3.9
2003;2;9;1.2;5.7
2003;2;10;0.0;5.7
2003;2;11;0.2;4.0
2003;2;12;0.0;6.1
2003;2;13;0.0;4.9
2003;2;14;0.0;1.1
2003;2;15;0.0;-0.5
2003;2;16;0.0;1.3
2003;2;17;0.0;-1.8
2003;2;18;0.0;0.0
2003;2;19;0.0;7.2
2003;2;20;3.0;6.8
2003;2;21;0.0;7.3
2003;2;22;0.0;10.6
2003;2;23;0.0;10.6
2003;2;24;0.0;11.0
2003;2;25;0.0;10.8
2003;2;26;0.0;11.2
2003;2;27;2.2;10.7
2003;2;28;0.0;9.0
2003;3;1;6.2;10.9
2003;3;2;5.4;9.5
2003;3;3;19.8;9.5
2003;3;4;0.0;13.0
2003;3;5;8.2;10.4
2003;3;6;0.8;9.6
2003;3;7;0.0;8.4
2003;3;8;0.0;9.7
2003;3;9;0.0;9.9
2003;3;10;0.0;11.8
2003;3;11;0.0;11.3
2003;3;12;0.0;13.9
2003;3;13;0.2;12.2
2003;3;14;0.0;11.7
2003;3;15;0.0;10.4
2003;3;16;0.0;9.7
2003;3;17;0.0;10.3
2003;3;18;0.0;9.4
2003;3;19;0.0;11.0
2003;3;20;0.0;11.3
2003;3;21;0.0;10.8
2003;3;22;0.0;12.1
2003;3;23;0.0;13.0
2003;3;24;0.0;12.9
2003;3;25;0.0;12.4
2003;3;26;0.0;12.1
2003;3;27;0.0;12.8
2003;3;28;0.0;13.4
2003;3;29;0.0;12.8
2003;3;30;0.0;13.8
2003;3;31;0.0;14.1
2003;4;1;1.2;13.8
2003;4;2;3.4;10.2
2003;4;3;0.0;7.0
2003;4;4;0.0;7.5
2003;4;5;0.0;9.4
2003;4;6;0.0;11.3
2003;4;7;0.0;8.6
2003;4;8;0.0;9.9
2003;4;9;4.6;9.6
2003;4;10;0.0;8.5
2003;4;11;3.6;8.4
2003;4;12;0.0;10.7
2003;4;13;0.0;13.4
2003;4;14;0.0;14.8
2003;4;15;0.0;15.1
2003;4;16;0.0;16.1
2003;4;17;0.0;16.6
2003;4;18;0.0;17.5
2003;4;19;4.0;15.6
2003;4;20;1.0;12.6
2003;4;21;0.0;14.8
2003;4;22;0.0;16.0
2003;4;23;0.0;16.1
2003;4;24;0.0;18.5
2003;4;25;0.0;17.9
2003;4;26;3.0;14.9
2003;4;27;0.0;16.0
2003;4;28;0.0;17.1
2003;4;29;0.0;16.6
2003;4;30;0.0;15.2
2003;5;1;0.0;14.9
2003;5;2;0.0;17.1
2003;5;3;0.0;15.3
2003;5;4;0.0;19.2
2003;5;5;5.4;16.4
2003;5;6;3.6;10.9
2003;5;7;0.6;14.2
2003;5;8;0.0;15.0
2003;5;9;0.0;14.5
2003;5;10;0.0;13.7
2003;5;11;0.6;15.3
2003;5;12;0.0;16.6
2003;5;13;0.0;15.5
2003;5;14;0.0;12.4
2003;5;15;0.0;13.4
2003;5;16;3.6;16.0
2003;5;17;0.0;16.4
2003;5;18;0.0;20.5
2003;5;19;0.0;17.4
2003;5;20;0.2;14.5
2003;5;21;0.0;14.4
2003;5;22;0.0;18.2
2003;5;23;0.0;21.7
2003;5;24;4.6;13.5
2003;5;25;1.4;13.2
2003;5;26;1.4;12.5
2003;5;27;0.0;17.3
2003;5;28;0.0;20.0
2003;5;29;0.0;23.7
2003;5;30;0.0;25.2
2003;5;31;0.0;23.3
2003;6;1;2.2;21.9
2003;6;2;0.0;20.5
2003;6;3;0.2;22.3
2003;6;4;0.2;23.0
2003;6;5;2.2;19.2
2003;6;6;0.0;21.4
2003;6;7;0.0;23.3
2003;6;8;0.0;21.3
2003;6;9;0.0;23.8
2003;6;10;0.0;24.8
2003;6;11;0.0;25.7
2003;6;12;0.0;25.3
2003;6;13;0.0;27.5
2003;6;14;0.0;29.3
2003;6;15;0.0;25.7
2003;6;16;31.8;25.4
2003;6;17;0.0;21.5
2003;6;18;0.0;20.8
2003;6;19;0.0;23.2
2003;6;20;0.0;27.1
2003;6;21;0.0;29.2
2003;6;22;0.0;28.3
2003;6;23;0.0;24.7
2003;6;24;0.0;26.6
2003;6;25;0.0;25.0
2003;6;26;0.0;22.5
2003;6;27;0.0;21.4
2003;6;28;0.0;23.8
2003;6;29;0.0;26.4
2003;6;30;0.6;24.3
2003;7;1;0.0;22.4
2003;7;2;0.2;20.0
2003;7;3;0.0;19.5
2003;7;4;0.0;19.7
2003;7;5;0.0;21.2
2003;7;6;0.0;23.1
2003;7;7;0.0;24.1
2003;7;8;0.0;25.9
2003;7;9;0.0;25.1
2003;7;10;0.0;26.0
2003;7;11;0.0;27.5
2003;7;12;0.0;28.5
2003;7;13;0.0;29.3
2003;7;14;0.0;25.1
2003;7;15;0.0;26.9
2003;7;16;0.0;22.4
2003;7;17;0.0;22.5
2003;7;18;0.0;26.9
2003;7;19;0.0;27.3
2003;7;20;0.0;25.5
2003;7;21;0.0;25.0
2003;7;22;0.0;24.6
2003;7;23;1.6;24.4
2003;7;24;0.2;23.0
2003;7;25;0.0;25.6
2003;7;26;0.0;27.5
2003;7;27;0.0;23.0
2003;7;28;0.0;21.8
2003;7;29;0.0;23.0
2003;7;30;0.0;24.0
2003;7;31;0.0;22.4
2003;8;1;0.0;24.3
2003;8;2;0.0;27.1
2003;8;3;0.0;29.9
2003;8;4;0.0;31.7
2003;8;5;0.0;31.8
2003;8;6;0.0;30.0
2003;8;7;1.6;29.5
2003;8;8;0.2;29.4
2003;8;9;0.0;30.8
2003;8;10;0.0;30.2
2003;8;11;0.0;28.8
2003;8;12;0.0;31.5
2003;8;13;0.0;31.2
2003;8;14;0.2;27.5
2003;8;15;0.0;23.8
2003;8;16;15.0;24.8
2003;8;17;1.8;21.5
2003;8;18;0.0;25.6
2003;8;19;0.0;27.1
2003;8;20;0.0;24.1
2003;8;21;0.0;24.1
2003;8;22;0.0;25.6
2003;8;23;0.0;27.6
2003;8;24;5.4;25.6
2003;8;25;0.0;24.6
2003;8;26;0.0;24.9
2003;8;27;0.2;27.2
2003;8;28;0.8;22.7
2003;8;29;0.0;23.0
2003;8;30;2.6;21.3
2003;8;31;0.0;20.1
2003;9;1;0.0;21.1
2003;9;2;0.0;20.3
2003;9;3;0.0;19.3
2003;9;4;1.0;21.5
2003;9;5;2.4;21.3
2003;9;6;0.2;20.5
2003;9;7;12.0;17.3
2003;9;8;7.8;17.3
2003;9;9;1.8;16.0
2003;9;10;0.0;18.1
2003;9;11;0.4;19.5
2003;9;12;1.2;20.6
2003;9;13;0.0;20.9
2003;9;14;0.0;20.0
2003;9;15;0.0;20.8
2003;9;16;0.0;20.9
2003;9;17;0.0;20.8
2003;9;18;0.0;21.4
2003;9;19;0.0;21.8
2003;9;20;0.0;22.2
2003;9;21;0.0;22.8
2003;9;22;6.0;20.6
2003;9;23;0.0;17.7
2003;9;24;0.0;15.3
2003;9;25;0.0;17.3
2003;9;26;0.0;20.0
2003;9;27;2.0;19.0
2003;9;28;0.0;18.2
2003;9;29;0.0;18.2
2003;9;30;0.0;19.1
2003;10;1;0.0;23.0
2003;10;2;0.0;22.2
2003;10;3;1.0;19.1
2003;10;4;9.8;15.5
2003;10;5;0.6;11.6
2003;10;6;0.0;10.2
2003;10;7;2.4;13.3
2003;10;8;0.0;15.7
2003;10;9;0.0;16.2
2003;10;10;0.2;14.5
2003;10;11;0.0;14.9
2003;10;12;0.0;18.5
2003;10;13;1.8;16.7
2003;10;14;0.0;17.8
2003;10;15;0.0;17.2
2003;10;16;0.2;16.5
2003;10;17;1.4;13.6
2003;10;18;0.0;14.3
2003;10;19;3.0;13.8
2003;10;20;0.0;14.6
2003;10;21;0.0;9.6
2003;10;22;9.2;9.8
2003;10;23;0.0;8.4
2003;10;24;0.6;5.2
2003;10;25;0.0;3.6
2003;10;26;7.6;4.9
2003;10;27;0.0;8.3
2003;10;28;2.4;11.2
2003;10;29;4.8;10.8
2003;10;30;3.0;10.8
2003;10;31;4.0;10.4
2003;11;1;1.8;10.6
2003;11;2;0.0;10.1
2003;11;3;0.2;10.1
2003;11;4;0.0;11.4
2003;11;5;0.0;13.7
2003;11;6;0.0;12.2
2003;11;7;0.0;9.1
2003;11;8;1.6;9.4
2003;11;9;0.6;14.8
2003;11;10;0.0;13.7
2003;11;11;0.4;12.6
2003;11;12;1.4;11.2
2003;11;13;0.0;10.3
2003;11;14;0.4;8.9
2003;11;15;0.2;11.4
2003;11;16;3.8;13.5
2003;11;17;0.0;8.1
2003;11;18;0.0;5.7
2003;11;19;0.0;7.6
2003;11;20;0.0;12.0
2003;11;21;0.0;14.7
2003;11;22;0.0;15.3
2003;11;23;4.2;16.7
2003;11;24;2.8;11.7
2003;11;25;1.0;9.7
2003;11;26;11.0;8.7
2003;11;27;4.4;7.3
2003;11;28;0.0;7.5
2003;11;29;10.0;7.3
2003;11;30;5.0;11.4
2003;12;1;8.4;8.3
2003;12;2;0.8;7.6
2003;12;3;35.0;6.3
2003;12;4;4.0;8.6
2003;12;5;0.0;12.0
2003;12;6;0.0;10.4
2003;12;7;0.2;6.0
2003;12;8;0.0;9.0
2003;12;9;0.0;6.7
2003;12;10;0.0;5.2
2003;12;11;0.2;6.4
2003;12;12;1.0;11.9
2003;12;13;1.0;11.2
2003;12;14;0.6;11.1
2003;12;15;0.0;6.8
2003;12;16;0.0;3.2
2003;12;17;0.0;7.3
2003;12;18;2.4;11.3
2003;12;19;9.2;9.0
2003;12;20;0.2;6.8
2003;12;21;5.4;8.2
2003;12;22;1.2;4.2
2003;12;23;1.2;2.5
2003;12;24;0.2;7.3
2003;12;25;0.0;5.6
2003;12;26;0.0;3.3
2003;12;27;1.0;5.9
2003;12;28;4.2;6.7
2003;12;29;15.4;3.8
2003;12;30;0.2;6.8
2003;12;31;0.0;3.8
2004;1;1;2.8;2.4
2004;1;2;0.2;6.3
2004;1;3;0.0;2.1
2004;1;4;0.0;-0.5
2004;1;5;0.0;1.3
2004;1;6;0.0;0.5
2004;1;7;0.0;2.7
2004;1;8;3.2;4.1
2004;1;9;45.4;10.5
2004;1;10;16.2;13.0
2004;1;11;0.4;12.9
2004;1;12;3.6;11.5
2004;1;13;0.2;13.0
2004;1;14;4.8;10.3
2004;1;15;0.0;7.9
2004;1;16;5.4;7.4
2004;1;17;5.4;9.4
2004;1;18;1.2;4.9
2004;1;19;0.6;2.1
2004;1;20;6.0;5.8
2004;1;21;0.2;7.9
2004;1;22;2.0;8.1
2004;1;23;17.6;10.3
2004;1;24;6.0;10.6
2004;1;25;7.0;5.8
2004;1;26;6.2;7.9
2004;1;27;2.4;4.1
2004;1;28;6.0;3.6
2004;1;29;2.2;4.6
2004;1;30;0.0;2.9
2004;1;31;0.6;7.0
2004;2;1;0.2;8.1
2004;2;2;0.2;8.7
2004;2;3;0.2;8.9
2004;2;4;0.0;6.7
2004;2;5;0.0;9.5
2004;2;6;0.0;7.8
2004;2;7;0.4;8.5
2004;2;8;0.0;7.2
2004;2;9;0.0;7.5
2004;2;10;0.0;4.9
2004;2;11;0.0;5.8
2004;2;12;0.0;6.3
2004;2;13;0.0;4.8
2004;2;14;0.0;6.8
2004;2;15;0.2;7.5
2004;2;16;0.0;5.8
2004;2;17;0.0;5.5
2004;2;18;0.6;5.7
2004;2;19;0.6;2.1
2004;2;20;1.0;5.4
2004;2;21;0.8;9.5
2004;2;22;1.0;8.9
2004;2;23;0.0;3.4
2004;2;24;0.0;1.4
2004;2;25;0.0;4.1
2004;2;26;0.0;3.8
2004;2;27;4.4;1.1
2004;2;28;0.6;2.2
2004;2;29;0.0;2.4
2004;3;1;0.0;1.7
2004;3;2;0.0;1.1
2004;3;3;0.0;4.1
2004;3;4;4.4;6.2
2004;3;5;3.2;12.5
2004;3;6;5.0;9.0
2004;3;7;0.0;7.8
2004;3;8;3.0;5.6
2004;3;9;0.0;4.6
2004;3;10;0.0;2.8
2004;3;11;0.2;3.8
2004;3;12;15.8;11.7
2004;3;13;5.6;7.9
2004;3;14;0.2;8.4
2004;3;15;0.0;10.8
2004;3;16;0.0;12.9
2004;3;17;0.0;15.1
2004;3;18;0.0;13.1
2004;3;19;0.0;13.4
2004;3;20;0.0;13.8
2004;3;21;2.0;11.3
2004;3;22;5.2;6.7
2004;3;23;1.8;5.6
2004;3;24;0.0;5.3
2004;3;25;0.6;5.0
2004;3;26;0.0;5.2
2004;3;27;0.0;5.7
2004;3;28;0.0;8.5
2004;3;29;0.0;11.8
2004;3;30;0.0;12.5
2004;3;31;16.8;12.5
2004;4;1;0.0;13.1
2004;4;2;6.4;10.6
2004;4;3;0.0;11.1
2004;4;4;0.0;13.3
2004;4;5;0.8;11.6
2004;4;6;2.8;9.6
2004;4;7;0.2;9.9
2004;4;8;0.0;8.1
2004;4;9;0.6;7.6
2004;4;10;0.0;6.9
2004;4;11;0.4;7.8
2004;4;12;0.0;8.9
2004;4;13;0.0;10.7
2004;4;14;0.0;9.8
2004;4;15;0.0;12.1
2004;4;16;16.8;11.0
2004;4;17;0.2;11.2
2004;4;18;4.6;8.9
2004;4;19;6.4;8.3
2004;4;20;0.2;13.3
2004;4;21;0.0;15.3
2004;4;22;19.2;10.9
2004;4;23;0.0;12.3
2004;4;24;0.2;13.6
2004;4;25;0.0;15.1
2004;4;26;0.0;15.9
2004;4;27;13.2;13.3
2004;4;28;22.8;11.7
2004;4;29;7.8;10.9
2004;4;30;2.6;9.5
2004;5;1;0.0;11.4
2004;5;2;4.8;13.1
2004;5;3;3.0;12.3
2004;5;4;1.8;11.4
2004;5;5;2.4;9.2
2004;5;6;0.8;8.6
2004;5;7;5.4;8.2
2004;5;8;2.0;9.3
2004;5;9;0.0;11.3
2004;5;10;0.2;14.0
2004;5;11;2.8;14.8
2004;5;12;9.4;13.9
2004;5;13;0.0;13.3
2004;5;14;0.0;12.4
2004;5;15;0.0;15.4
2004;5;16;0.0;17.6
2004;5;17;0.0;18.4
2004;5;18;0.0;20.3
2004;5;19;0.0;21.9
2004;5;20;0.4;21.6
2004;5;21;0.2;18.8
2004;5;22;30.4;15.8
2004;5;23;0.0;15.4
2004;5;24;0.0;17.2
2004;5;25;0.0;18.1
2004;5;26;0.0;18.0
2004;5;27;0.0;16.1
2004;5;28;0.0;18.0
2004;5;29;0.0;20.2
2004;5;30;6.6;16.7
2004;5;31;3.4;16.4
2004;6;1;5.0;17.9
2004;6;2;0.0;17.0
2004;6;3;0.0;16.9
2004;6;4;0.0;17.7
2004;6;5;0.0;20.7
2004;6;6;0.0;21.9
2004;6;7;0.0;22.1
2004;6;8;0.0;22.0
2004;6;9;0.0;23.5
2004;6;10;0.0;24.0
2004;6;11;5.2;23.1
2004;6;12;0.0;22.0
2004;6;13;0.0;19.5
2004;6;14;0.0;18.4
2004;6;15;0.0;20.4
2004;6;16;0.0;22.0
2004;6;17;0.0;22.9
2004;6;18;0.2;22.7
2004;6;19;8.8;17.0
2004;6;20;0.2;16.4
2004;6;21;0.2;18.0
2004;6;22;0.0;21.8
2004;6;23;0.0;22.0
2004;6;24;0.0;20.4
2004;6;25;0.0;22.0
2004;6;26;0.0;26.2
2004;6;27;0.0;25.2
2004;6;28;0.0;24.3
2004;6;29;0.0;24.3
2004;6;30;0.0;24.4
2004;7;1;0.0;20.7
2004;7;2;0.0;19.8
2004;7;3;0.0;20.0
2004;7;4;0.0;23.9
2004;7;5;8.6;21.5
2004;7;6;5.2;20.3
2004;7;7;0.0;20.4
2004;7;8;0.2;18.1
2004;7;9;0.0;18.3
2004;7;10;0.2;17.7
2004;7;11;0.0;17.6
2004;7;12;0.0;17.5
2004;7;13;0.0;18.4
2004;7;14;0.0;20.8
2004;7;15;0.0;22.6
2004;7;16;0.0;24.2
2004;7;17;0.0;24.0
2004;7;18;6.0;21.6
2004;7;19;7.8;24.3
2004;7;20;0.0;23.0
2004;7;21;4.8;24.2
2004;7;22;0.2;25.4
2004;7;23;0.0;24.5
2004;7;24;0.0;25.2
2004;7;25;0.0;23.6
2004;7;26;0.0;22.4
2004;7;27;0.0;21.3
2004;7;28;0.0;23.8
2004;7;29;0.0;23.9
2004;7;30;0.0;24.2
2004;7;31;0.0;27.6
2004;8;1;0.2;28.6
2004;8;2;21.8;27.3
2004;8;3;3.6;24.1
2004;8;4;0.8;20.5
2004;8;5;0.0;21.5
2004;8;6;0.0;22.4
2004;8;7;1.4;22.6
2004;8;8;0.8;24.4
2004;8;9;3.4;24.5
2004;8;10;0.2;22.8
2004;8;11;0.0;24.7
2004;8;12;0.0;22.4
2004;8;13;0.0;21.9
2004;8;14;0.0;22.9
2004;8;15;1.0;26.4
2004;8;16;1.2;24.0
2004;8;17;12.2;22.3
2004;8;18;0.0;24.3
2004;8;19;11.2;22.6
2004;8;20;;19.9
2004;8;21;0.0;18.9
2004;8;22;0.0;20.9
2004;8;23;1.2;23.1
2004;8;24;0.0;19.7
2004;8;25;0.8;19.4
2004;8;26;0.0;19.1
2004;8;27;0.0;19.2
2004;8;28;0.0;20.1
2004;8;29;0.0;20.8
2004;8;30;0.0;20.4
2004;8;31;0.0;20.1
2004;9;1;1.0;20.8
2004;9;2;0.0;22.9
2004;9;3;0.0;22.7
2004;9;4;0.0;25.5
2004;9;5;0.0;25.9
2004;9;6;6.0;25.0
2004;9;7;0.0;23.9
2004;9;8;0.0;24.3
2004;9;9;0.0;24.5
2004;9;10;9.0;24.3
2004;9;11;3.8;22.2
2004;9;12;0.2;20.9
2004;9;13;0.0;21.7
2004;9;14;0.2;19.4
2004;9;15;0.2;17.2
2004;9;16;0.0;16.8
2004;9;17;0.0;15.7
2004;9;18;0.0;18.6
2004;9;19;0.0;19.5
2004;9;20;0.0;18.7
2004;9;21;0.8;17.5
2004;9;22;0.0;17.4
2004;9;23;0.4;17.7
2004;9;24;3.2;16.5
2004;9;25;0.0;14.0
2004;9;26;0.2;14.8
2004;9;27;0.0;16.1
2004;9;28;0.2;15.5
2004;9;29;0.2;16.6
2004;9;30;0.0;17.1
2004;10;1;0.0;20.7
2004;10;2;0.4;20.1
2004;10;3;0.0;19.9
2004;10;4;0.0;21.1
2004;10;5;0.0;21.4
2004;10;6;0.0;18.5
2004;10;7;0.0;19.0
2004;10;8;0.0;21.2
2004;10;9;28.2;20.5
2004;10;10;1.4;17.2
2004;10;11;9.4;16.4
2004;10;12;9.8;14.5
2004;10;13;0.0;14.0
2004;10;14;5.0;13.3
2004;10;15;;11.6
2004;10;16;;9.6
2004;10;17;0.0;13.0
2004;10;18;0.0;14.6
2004;10;19;0.2;18.4
2004;10;20;0.2;19.0
2004;10;21;0.2;18.2
2004;10;22;0.0;16.8
2004;10;23;0.2;18.2
2004;10;24;0.0;19.0
2004;10;25;41.4;14.7
2004;10;26;2.2;11.7
2004;10;27;0.8;11.7
2004;10;28;0.2;14.3
2004;10;29;16.8;9.8
2004;10;30;2.4;10.8
2004;10;31;13.0;10.0
2004;11;1;0.4;7.7
2004;11;2;0.2;8.4
2004;11;3;0.2;8.5
2004;11;4;0.2;11.4
2004;11;5;0.0;10.0
2004;11;6;0.0;10.0
2004;11;7;0.0;8.3
2004;11;8;5.2;10.0
2004;11;9;6.0;10.0
2004;11;10;6.2;6.6
2004;11;11;5.2;7.3
2004;11;12;0.0;5.1
2004;11;13;0.0;4.9
2004;11;14;0.0;3.9
2004;11;15;0.0;3.2
2004;11;16;0.0;5.7
2004;11;17;0.0;8.0
2004;11;18;0.0;7.6
2004;11;19;0.8;9.5
2004;11;20;0.0;5.5
2004;11;21;0.0;6.3
2004;11;22;0.0;7.0
2004;11;23;0.0;7.8
2004;11;24;0.2;4.0
2004;11;25;0.2;6.1
2004;11;26;0.0;5.2
2004;11;27;0.0;5.9
2004;11;28;1.8;7.8
2004;11;29;2.6;6.5
2004;11;30;0.0;6.2
2004;12;1;0.0;9.8
2004;12;2;0.0;10.4
2004;12;3;0.0;8.6
2004;12;4;0.2;4.6
2004;12;5;0.0;5.9
2004;12;6;0.0;5.6
2004;12;7;6.4;5.1
2004;12;8;1.6;6.1
2004;12;9;0.2;6.5
2004;12;10;0.2;4.7
2004;12;11;0.2;3.7
2004;12;12;0.0;7.0
2004;12;13;0.0;7.9
2004;12;14;0.0;6.2
2004;12;15;0.0;6.1
2004;12;16;2.0;8.0
2004;12;17;2.0;10.0
2004;12;18;3.2;9.4
2004;12;19;12.0;11.3
2004;12;20;0.2;4.8
2004;12;21;0.0;1.5
2004;12;22;0.0;3.1
2004;12;23;2.2;9.1
2004;12;24;3.8;9.5
2004;12;25;2.0;5.7
2004;12;26;1.2;2.8
2004;12;27;0.0;1.6
2004;12;28;1.2;4.1
2004;12;29;0.2;5.1
2004;12;30;0.2;6.7
2004;12;31;0.2;8.0
2005;1;1;0.0;9.5
2005;1;2;1.2;9.4
2005;1;3;0.0;4.5
2005;1;4;0.0;2.3
2005;1;5;0.0;4.3
2005;1;6;0.2;6.6
2005;1;7;0.2;5.6
2005;1;8;0.0;8.9
2005;1;9;0.0;4.8
2005;1;10;0.0;9.0
2005;1;11;0.2;6.3
2005;1;12;0.0;5.5
2005;1;13;0.0;5.7
2005;1;14;0.0;2.4
2005;1;15;0.0;5.1
2005;1;16;0.0;7.0
2005;1;17;0.0;4.8
2005;1;18;9.2;6.4
2005;1;19;2.0;6.4
2005;1;20;2.2;11.0
2005;1;21;1.8;9.8
2005;1;22;0.2;9.7
2005;1;23;2.2;8.3
2005;1;24;0.4;1.3
2005;1;25;0.0;-0.3
2005;1;26;0.0;-1.6
2005;1;27;0.0;-1.8
2005;1;28;1.6;-0.7
2005;1;29;0.0;1.9
2005;1;30;0.0;-0.8
2005;1;31;0.0;2.8
2005;2;1;1.4;4.4
2005;2;2;0.0;4.1
2005;2;3;0.0;5.9
2005;2;4;0.0;3.8
2005;2;5;0.0;3.4
2005;2;6;0.0;6.2
2005;2;7;0.0;8.1
2005;2;8;0.6;8.3
2005;2;9;0.4;8.0
2005;2;10;0.0;6.2
2005;2;11;1.8;6.8
2005;2;12;0.4;10.7
2005;2;13;10.4;7.4
2005;2;14;0.8;3.9
2005;2;15;0.4;2.6
2005;2;16;0.0;1.1
2005;2;17;0.0;0.5
2005;2;18;0.2;0.6
2005;2;19;3.6;3.7
2005;2;20;0.2;1.6
2005;2;21;0.0;1.1
2005;2;22;0.0;1.4
2005;2;23;0.0;0.8
2005;2;24;0.0;1.7
2005;2;25;0.0;2.2
2005;2;26;0.0;3.3
2005;2;27;0.0;1.2
2005;2;28;0.0;-2.7
2005;3;1;0.0;-1.7
2005;3;2;0.0;2.0
2005;3;3;3.6;2.5
2005;3;4;0.2;0.9
2005;3;5;1.4;3.5
2005;3;6;0.0;2.5
2005;3;7;0.0;0.3
2005;3;8;0.0;3.5
2005;3;9;0.0;4.2
2005;3;10;0.0;4.2
2005;3;11;0.0;4.3
2005;3;12;0.0;4.1
2005;3;13;0.0;6.1
2005;3;14;0.0;9.2
2005;3;15;0.0;13.0
2005;3;16;0.0;12.8
2005;3;17;0.0;14.1
2005;3;18;0.0;15.1
2005;3;19;0.0;13.8
2005;3;20;0.0;14.3
2005;3;21;0.0;12.0
2005;3;22;0.0;13.3
2005;3;23;0.0;13.0
2005;3;24;1.2;14.4
2005;3;25;0.0;13.1
2005;3;26;3.4;13.0
2005;3;27;0.0;12.3
2005;3;28;0.4;13.2
2005;3;29;4.4;12.2
2005;3;30;6.4;10.9
2005;3;31;0.0;11.0
2005;4;1;0.0;12.5
2005;4;2;0.0;13.6
2005;4;3;0.2;13.1
2005;4;4;0.0;13.5
2005;4;5;0.0;12.0
2005;4;6;0.2;13.4
2005;4;7;17.0;14.4
2005;4;8;5.2;8.3
2005;4;9;2.2;5.0
2005;4;10;0.0;6.8
2005;4;11;0.0;11.2
2005;4;12;0.0;12.5
2005;4;13;0.0;12.4
2005;4;14;11.6;11.9
2005;4;15;1.4;7.9
2005;4;16;3.6;7.4
2005;4;17;1.4;10.1
2005;4;18;3.0;10.3
2005;4;19;2.0;9.6
2005;4;20;1.0;9.4
2005;4;21;0.0;11.5
2005;4;22;3.2;13.7
2005;4;23;0.2;14.2
2005;4;24;9.8;13.5
2005;4;25;0.0;12.1
2005;4;26;0.0;15.1
2005;4;27;0.0;16.5
2005;4;28;0.0;19.9
2005;4;29;0.0;20.5
2005;4;30;0.0;20.5
2005;5;1;0.0;18.3
2005;5;2;0.2;17.1
2005;5;3;0.2;17.3
2005;5;4;1.6;13.8
2005;5;5;2.4;12.6
2005;5;6;0.0;13.9
2005;5;7;0.0;13.9
2005;5;8;0.0;14.6
2005;5;9;0.2;15.4
2005;5;10;2.0;15.0
2005;5;11;0.0;17.3
2005;5;12;1.2;16.2
2005;5;13;17.8;16.6
2005;5;14;0.0;15.9
2005;5;15;2.2;15.5
2005;5;16;13.4;14.8
2005;5;17;1.4;13.7
2005;5;18;0.0;14.5
2005;5;19;0.0;16.5
2005;5;20;0.0;20.3
2005;5;21;1.2;17.5
2005;5;22;3.2;12.6
2005;5;23;0.2;14.3
2005;5;24;0.0;16.9
2005;5;25;0.0;20.6
2005;5;26;0.0;22.3
2005;5;27;0.0;23.0
2005;5;28;0.0;19.0
2005;5;29;2.4;21.2
2005;5;30;1.6;15.8
2005;5;31;0.0;17.2
2005;6;1;0.0;19.5
2005;6;2;0.0;21.7
2005;6;3;0.0;19.8
2005;6;4;0.0;17.3
2005;6;5;0.0;18.0
2005;6;6;0.0;19.0
2005;6;7;0.0;19.8
2005;6;8;0.0;19.1
2005;6;9;0.0;19.4
2005;6;10;0.0;20.5
2005;6;11;0.0;21.1
2005;6;12;0.0;21.8
2005;6;13;7.0;19.8
2005;6;14;0.4;18.2
2005;6;15;0.0;20.1
2005;6;16;0.0;21.7
2005;6;17;0.0;24.0
2005;6;18;0.0;27.0
2005;6;19;0.0;25.0
2005;6;20;0.0;21.3
2005;6;21;0.0;24.2
2005;6;22;0.0;27.2
2005;6;23;0.0;27.2
2005;6;24;0.2;25.7
2005;6;25;0.0;25.4
2005;6;26;0.0;27.1
2005;6;27;0.8;27.1
2005;6;28;0.0;26.7
2005;6;29;0.0;22.6
2005;6;30;0.0;21.1
2005;7;1;0.0;20.5
2005;7;2;0.0;23.7
2005;7;3;1.0;27.1
2005;7;4;0.2;19.1
2005;7;5;0.0;19.0
2005;7;6;2.8;19.4
2005;7;7;0.8;17.3
2005;7;8;0.0;19.0
2005;7;9;0.6;17.7
2005;7;10;0.0;20.1
2005;7;11;0.0;24.0
2005;7;12;0.0;25.1
2005;7;13;0.0;25.9
2005;7;14;0.0;26.8
2005;7;15;0.0;27.6
2005;7;16;0.0;26.0
2005;7;17;0.0;23.8
2005;7;18;0.8;21.5
2005;7;19;0.0;22.2
2005;7;20;0.0;22.8
2005;7;21;0.0;24.3
2005;7;22;0.0;24.7
2005;7;23;0.0;23.0
2005;7;24;0.0;25.4
2005;7;25;0.0;24.3
2005;7;26;0.0;26.9
2005;7;27;0.0;26.3
2005;7;28;2.6;26.6
2005;7;29;0.0;22.3
2005;7;30;0.0;21.3
2005;7;31;1.6;20.9
2005;8;1;2.0;17.9
2005;8;2;0.6;18.9
2005;8;3;0.0;21.6
2005;8;4;0.0;22.1
2005;8;5;0.0;22.7
2005;8;6;0.0;22.7
2005;8;7;0.0;23.6
2005;8;8;0.0;23.9
2005;8;9;0.0;23.6
2005;8;10;41.4;23.1
2005;8;11;0.0;22.4
2005;8;12;0.0;23.0
2005;8;13;0.0;21.3
2005;8;14;0.0;20.6
2005;8;15;0.0;21.1
2005;8;16;0.0;21.8
2005;8;17;4.6;22.5
2005;8;18;1.6;21.3
2005;8;19;0.4;19.8
2005;8;20;5.8;15.8
2005;8;21;0.0;17.6
2005;8;22;1.2;18.7
2005;8;23;1.2;18.7
2005;8;24;0.0;18.2
2005;8;25;0.2;20.9
2005;8;26;0.0;17.0
2005;8;27;10.8;16.6
2005;8;28;0.2;20.8
2005;8;29;0.0;23.0
2005;8;30;0.0;24.7
2005;8;31;0.0;25.4
2005;9;1;0.2;21.7
2005;9;2;0.0;25.5
2005;9;3;0.0;27.2
2005;9;4;0.0;23.8
2005;9;5;19.8;19.1
2005;9;6;3.6;18.0
2005;9;7;5.0;19.0
2005;9;8;5.6;19.3
2005;9;9;9.8;20.7
2005;9;10;6.8;18.0
2005;9;11;2.6;17.1
2005;9;12;1.8;18.0
2005;9;13;0.2;18.3
2005;9;14;0.2;19.4
2005;9;15;0.2;19.8
2005;9;16;0.8;18.7
2005;9;17;0.0;14.7
2005;9;18;0.0;13.1
2005;9;19;0.0;14.6
2005;9;20;0.0;14.4
2005;9;21;0.2;14.2
2005;9;22;0.0;16.3
2005;9;23;0.0;18.1
2005;9;24;0.2;18.5
2005;9;25;11.8;15.9
2005;9;26;0.2;15.0
2005;9;27;0.0;17.0
2005;9;28;0.0;17.7
2005;9;29;0.2;17.3
2005;9;30;0.0;16.3
2005;10;1;1.8;15.7
2005;10;2;4.0;12.4
2005;10;3;0.0;11.3
2005;10;4;0.0;12.6
2005;10;5;0.2;12.9
2005;10;6;0.2;13.0
2005;10;7;0.0;14.7
2005;10;8;0.4;16.9
2005;10;9;0.0;17.0
2005;10;10;0.0;17.5
2005;10;11;0.0;18.3
2005;10;12;1.0;18.9
2005;10;13;18.0;15.6
2005;10;14;0.4;16.4
2005;10;15;0.2;17.0
2005;10;16;0.2;14.5
2005;10;17;0.0;16.9
2005;10;18;1.0;16.7
2005;10;19;0.0;17.0
2005;10;20;0.0;17.5
2005;10;21;0.0;18.8
2005;10;22;22.8;18.9
2005;10;23;0.0;15.5
2005;10;24;0.2;13.6
2005;10;25;0.0;16.8
2005;10;26;0.0;17.2
2005;10;27;0.0;19.9
2005;10;28;0.0;19.4
2005;10;29;0.0;19.8
2005;10;30;0.0;20.0
2005;10;31;3.2;16.9
2005;11;1;0.0;13.6
2005;11;2;0.0;16.6
2005;11;3;0.2;16.6
2005;11;4;3.6;12.8
2005;11;5;0.2;8.9
2005;11;6;0.2;6.7
2005;11;7;0.0;9.0
2005;11;8;0.0;12.3
2005;11;9;2.8;10.1
2005;11;10;0.0;8.5
2005;11;11;0.0;6.9
2005;11;12;1.8;9.2
2005;11;13;6.2;9.6
2005;11;14;10.2;11.9
2005;11;15;0.8;11.4
2005;11;16;3.0;10.2
2005;11;17;0.0;9.4
2005;11;18;0.0;4.6
2005;11;19;0.0;4.8
2005;11;20;0.0;6.7
2005;11;21;0.0;5.7
2005;11;22;0.0;3.5
2005;11;23;0.0;1.3
2005;11;24;4.6;2.5
2005;11;25;7.8;5.0
2005;11;26;8.8;2.1
2005;11;27;4.4;3.9
2005;11;28;1.2;4.3
2005;11;29;1.6;4.9
2005;11;30;0.0;2.9
2005;12;1;0.4;5.5
2005;12;2;1.4;8.0
2005;12;3;0.6;7.3
2005;12;4;6.0;7.9
2005;12;5;5.0;7.3
2005;12;6;2.4;5.5
2005;12;7;1.6;5.7
2005;12;8;2.4;7.0
2005;12;9;0.0;6.3
2005;12;10;0.0;0.5
2005;12;11;0.0;-0.5
2005;12;12;0.0;-0.6
2005;12;13;0.0;0.3
2005;12;14;0.0;2.9
2005;12;15;0.0;3.7
2005;12;16;0.8;5.9
2005;12;17;0.4;6.5
2005;12;18;0.0;0.5
2005;12;19;0.0;-0.9
2005;12;20;0.0;-0.6
2005;12;21;0.0;-1.3
2005;12;22;0.0;-3.5
2005;12;23;0.0;-3.8
2005;12;24;0.0;0.8
2005;12;25;0.0;-0.4
2005;12;26;0.0;0.9
2005;12;27;0.0;-0.9
2005;12;28;0.0;-0.3
2005;12;29;0.0;-1.3
2005;12;30;5.0;5.0
2005;12;31;3.6;8.4
2006;1;1;8.0;6.8
2006;1;2;1.0;6.4
2006;1;3;0.4;5.1
2006;1;4;0.0;3.7
2006;1;5;0.2;1.9
2006;1;6;0.0;5.2
2006;1;7;0.0;7.7
2006;1;8;0.0;9.3
2006;1;9;0.0;6.9
2006;1;10;0.0;5.4
2006;1;11;0.0;1.8
2006;1;12;0.0;5.0
2006;1;13;0.0;7.0
2006;1;14;0.0;6.0
2006;1;15;0.0;5.2
2006;1;16;0.0;5.0
2006;1;17;1.4;6.0
2006;1;18;1.0;9.4
2006;1;19;0.0;9.3
2006;1;20;0.0;6.5
2006;1;21;1.4;7.3
2006;1;22;0.0;3.4
2006;1;23;0.0;1.7
2006;1;24;0.0;5.1
2006;1;25;0.0;4.9
2006;1;26;0.0;0.9
2006;1;27;1.2;1.3
2006;1;28;4.4;-1.0
2006;1;29;29.4;-0.5
2006;1;30;0.0;2.3
2006;1;31;0.2;5.4
2006;2;1;0.0;6.4
2006;2;2;0.0;5.3
2006;2;3;0.0;1.7
2006;2;4;0.0;0.9
2006;2;5;0.0;-0.1
2006;2;6;0.0;1.6
2006;2;7;0.0;3.0
2006;2;8;0.0;1.6
2006;2;9;0.4;5.4
2006;2;10;0.0;3.9
2006;2;11;0.0;1.8
2006;2;12;0.0;3.2
2006;2;13;0.0;7.0
2006;2;14;0.0;6.9
2006;2;15;5.2;7.2
2006;2;16;3.6;10.0
2006;2;17;1.2;10.4
2006;2;18;0.0;9.8
2006;2;19;3.4;8.6
2006;2;20;3.2;8.3
2006;2;21;0.2;6.8
2006;2;22;0.0;4.5
2006;2;23;0.0;4.4
2006;2;24;0.0;3.9
2006;2;25;0.0;4.0
2006;2;26;0.0;7.1
2006;2;27;0.0;2.8
2006;2;28;1.0;2.8
2006;3;1;1.0;5.7
2006;3;2;0.0;6.8
2006;3;3;0.2;10.8
2006;3;4;6.4;11.0
2006;3;5;0.4;3.7
2006;3;6;4.2;5.7
2006;3;7;15.8;7.2
2006;3;8;0.6;11.9
2006;3;9;5.6;11.0
2006;3;10;38.8;7.2
2006;3;11;0.0;7.4
2006;3;12;0.0;6.5
2006;3;13;0.0;4.1
2006;3;14;0.0;6.6
2006;3;15;0.0;9.5
2006;3;16;0.0;9.8
2006;3;17;0.0;10.4
2006;3;18;0.0;11.3
2006;3;19;0.0;11.4
2006;3;20;0.0;12.9
2006;3;21;15.2;13.5
2006;3;22;0.6;11.4
2006;3;23;0.0;12.1
2006;3;24;7.6;13.7
2006;3;25;0.0;15.8
2006;3;26;0.0;15.1
2006;3;27;12.6;14.0
2006;3;28;5.6;10.6
2006;3;29;0.0;12.4
2006;3;30;2.2;15.9
2006;3;31;0.0;16.1
2006;4;1;0.0;14.9
2006;4;2;0.2;13.7
2006;4;3;0.0;12.4
2006;4;4;0.0;12.3
2006;4;5;0.0;11.3
2006;4;6;0.0;9.6
2006;4;7;0.0;11.7
2006;4;8;0.0;13.7
2006;4;9;7.8;14.0
2006;4;10;1.8;7.3
2006;4;11;0.0;8.0
2006;4;12;0.0;9.4
2006;4;13;0.0;11.1
2006;4;14;0.0;13.4
2006;4;15;8.6;14.3
2006;4;16;0.0;14.6
2006;4;17;0.0;13.4
2006;4;18;0.0;12.0
2006;4;19;0.2;12.6
2006;4;20;0.0;14.3
2006;4;21;0.0;15.4
2006;4;22;0.0;16.1
2006;4;23;0.0;16.3
2006;4;24;0.0;16.8
2006;4;25;0.0;14.9
2006;4;26;0.0;15.9
2006;4;27;0.2;13.6
2006;4;28;0.0;12.4
2006;4;29;0.0;12.3
2006;4;30;0.0;11.1
2006;5;1;0.0;14.0
2006;5;2;0.0;16.4
2006;5;3;0.0;17.7
2006;5;4;0.0;18.9
2006;5;5;0.0;16.8
2006;5;6;1.8;17.1
2006;5;7;17.4;16.0
2006;5;8;6.0;10.9
2006;5;9;0.0;12.3
2006;5;10;0.0;15.0
2006;5;11;0.0;15.8
2006;5;12;0.6;16.0
2006;5;13;1.2;15.7
2006;5;14;3.0;19.6
2006;5;15;13.6;19.4
2006;5;16;0.0;20.2
2006;5;17;1.4;22.5
2006;5;18;0.0;17.8
2006;5;19;0.0;16.6
2006;5;20;0.2;16.3
2006;5;21;0.0;19.2
2006;5;22;1.6;16.8
2006;5;23;1.6;13.5
2006;5;24;0.0;13.8
2006;5;25;0.0;16.6
2006;5;26;0.0;19.0
2006;5;27;0.0;21.5
2006;5;28;0.0;22.5
2006;5;29;0.0;18.4
2006;5;30;0.0;15.1
2006;5;31;0.0;13.0
2006;6;1;0.0;14.4
2006;6;2;0.0;16.3
2006;6;3;0.0;16.1
2006;6;4;0.0;18.8
2006;6;5;0.0;21.1
2006;6;6;0.0;22.2
2006;6;7;0.0;21.9
2006;6;8;0.0;20.4
2006;6;9;0.0;20.7
2006;6;10;0.0;21.4
2006;6;11;0.0;22.7
2006;6;12;0.0;22.9
2006;6;13;0.0;22.4
2006;6;14;0.0;22.2
2006;6;15;0.4;23.2
2006;6;16;1.6;22.5
2006;6;17;0.6;22.5
2006;6;18;0.0;22.6
2006;6;19;17.8;24.1
2006;6;20;23.4;21.2
2006;6;21;0.0;21.0
2006;6;22;0.0;19.8
2006;6;23;0.0;23.4
2006;6;24;11.6;24.0
2006;6;25;0.2;19.6
2006;6;26;2.4;21.9
2006;6;27;2.4;22.1
2006;6;28;0.2;22.9
2006;6;29;0.0;23.0
2006;6;30;0.0;24.6
2006;7;1;0.0;26.5
2006;7;2;0.0;27.6
2006;7;3;0.0;24.0
2006;7;4;2.4;25.2
2006;7;5;4.4;19.9
2006;7;6;1.6;19.9
2006;7;7;0.2;20.8
2006;7;8;0.0;23.8
2006;7;9;0.0;23.9
2006;7;10;0.0;27.0
2006;7;11;0.0;24.4
2006;7;12;0.0;25.6
2006;7;13;0.0;26.4
2006;7;14;0.0;25.7
2006;7;15;0.0;28.5
2006;7;16;0.0;28.7
2006;7;17;0.0;28.5
2006;7;18;0.0;28.2
2006;7;19;4.8;24.7
2006;7;20;0.0;27.5
2006;7;21;0.0;29.9
2006;7;22;0.0;26.5
2006;7;23;0.0;26.4
2006;7;24;0.0;28.4
2006;7;25;1.4;27.6
2006;7;26;0.0;28.2
2006;7;27;19.0;
2006;7;28;0.0;
2006;7;29;0.2;23.6
2006;7;30;0.0;26.1
2006;7;31;0.0;24.7
2006;8;1;0.0;23.1
2006;8;2;4.4;21.5
2006;8;3;0.0;20.9
2006;8;4;0.0;20.9
2006;8;5;0.0;20.9
2006;8;6;0.0;21.2
2006;8;7;0.0;22.7
2006;8;8;0.0;23.5
2006;8;9;0.0;22.4
2006;8;10;0.0;22.4
2006;8;11;0.0;20.6
2006;8;12;1.0;18.7
2006;8;13;0.0;18.5
2006;8;14;0.0;19.2
2006;8;15;3.4;16.9
2006;8;16;0.2;19.2
2006;8;17;4.4;19.3
2006;8;18;0.2;20.5
2006;8;19;0.0;21.8
2006;8;20;0.0;21.2
2006;8;21;0.0;20.3
2006;8;22;0.0;20.6
2006;8;23;0.8;22.4
2006;8;24;0.6;20.0
2006;8;25;23.2;18.3
2006;8;26;1.2;19.2
2006;8;27;0.2;20.1
2006;8;28;1.4;20.5
2006;8;29;3.0;19.4
2006;8;30;0.0;17.4
2006;8;31;0.0;19.5
2006;9;1;0.0;23.2
2006;9;2;0.0;21.7
2006;9;3;0.0;23.7
2006;9;4;0.0;25.8
2006;9;5;0.0;27.2
2006;9;6;0.0;24.8
2006;9;7;0.0;25.0
2006;9;8;0.0;25.5
2006;9;9;0.0;26.0
2006;9;10;0.0;24.6
2006;9;11;0.0;24.0
2006;9;12;0.0;23.1
2006;9;13;2.4;21.7
2006;9;14;34.2;16.6
2006;9;15;9.0;16.6
2006;9;16;45.2;14.7
2006;9;17;0.0;18.3
2006;9;18;0.0;19.5
2006;9;19;0.0;18.7
2006;9;20;0.0;20.0
2006;9;21;0.0;21.5
2006;9;22;2.2;18.0
2006;9;23;1.6;19.0
2006;9;24;1.8;18.1
2006;9;25;0.2;16.9
2006;9;26;0.0;17.1
2006;9;27;0.2;16.4
2006;9;28;0.0;16.4
2006;9;29;0.0;18.4
2006;9;30;0.2;21.3
2006;10;1;0.2;21.3
2006;10;2;0.0;20.9
2006;10;3;4.8;17.2
2006;10;4;6.6;14.0
2006;10;5;0.0;15.1
2006;10;6;0.8;16.1
2006;10;7;0.2;16.2
2006;10;8;0.0;15.4
2006;10;9;0.0;17.8
2006;10;10;0.2;18.9
2006;10;11;68.6;17.9
2006;10;12;0.4;14.2
2006;10;13;0.2;16.3
2006;10;14;0.0;16.5
2006;10;15;0.0;17.5
2006;10;16;0.0;17.8
2006;10;17;0.0;18.2
2006;10;18;0.2;18.2
2006;10;19;1.2;16.7
2006;10;20;1.0;15.6
2006;10;21;0.2;16.8
2006;10;22;0.0;17.9
2006;10;23;1.0;18.9
2006;10;24;0.0;16.1
2006;10;25;0.0;18.7
2006;10;26;0.0;20.4
2006;10;27;0.0;19.7
2006;10;28;0.2;17.5
2006;10;29;0.4;16.9
2006;10;30;0.0;15.9
2006;10;31;0.8;16.8
2006;11;1;0.0;13.2
2006;11;2;0.0;7.8
2006;11;3;0.0;7.3
2006;11;4;0.0;8.2
2006;11;5;0.0;9.9
2006;11;6;0.0;8.9
2006;11;7;0.0;13.6
2006;11;8;0.0;14.7
2006;11;9;0.2;13.3
2006;11;10;0.4;10.3
2006;11;11;2.0;10.9
2006;11;12;0.0;13.0
2006;11;13;0.0;10.0
2006;11;14;0.2;9.9
2006;11;15;0.0;15.7
2006;11;16;1.6;16.7
2006;11;17;0.4;11.6
2006;11;18;0.2;10.7
2006;11;19;3.0;11.1
2006;11;20;0.2;9.8
2006;11;21;12.2;12.0
2006;11;22;2.8;11.8
2006;11;23;1.6;15.1
2006;11;24;0.0;15.1
2006;11;25;0.0;16.3
2006;11;26;0.0;14.5
2006;11;27;0.2;15.9
2006;11;28;0.0;12.1
2006;11;29;0.2;9.6
2006;11;30;0.4;6.4
2006;12;1;0.0;10.7
2006;12;2;0.2;9.0
2006;12;3;1.8;9.5
2006;12;4;0.0;13.4
2006;12;5;6.0;13.2
2006;12;6;3.2;9.0
2006;12;7;1.2;7.2
2006;12;8;10.6;8.7
2006;12;9;0.4;7.5
2006;12;10;0.2;6.1
2006;12;11;0.0;4.5
2006;12;12;0.0;5.8
2006;12;13;0.0;5.3
2006;12;14;0.0;1.8
2006;12;15;0.2;8.4
2006;12;16;0.0;7.6
2006;12;17;0.8;6.0
2006;12;18;0.0;4.5
2006;12;19;0.0;2.6
2006;12;20;0.0;-0.5
2006;12;21;0.0;-0.1
2006;12;22;0.0;0.7
2006;12;23;0.0;-1.5
2006;12;24;0.0;-1.3
2006;12;25;0.0;-2.5
2006;12;26;0.0;-2.5
2006;12;27;0.0;1.0
2006;12;28;0.0;3.3
2006;12;29;0.0;4.3
2006;12;30;0.0;8.7
2006;12;31;0.0;7.9
2007;1;1;3.2;8.8
2007;1;2;2.6;8.6
2007;1;3;0.0;7.6
2007;1;4;1.2;8.5
2007;1;5;0.0;10.2
2007;1;6;0.6;8.0
2007;1;7;0.2;9.9
2007;1;8;1.0;10.4
2007;1;9;0.2;12.3
2007;1;10;0.0;11.3
2007;1;11;0.0;10.3
2007;1;12;0.0;11.9
2007;1;13;0.4;9.0
2007;1;14;0.0;9.9
2007;1;15;0.0;8.2
2007;1;16;0.2;8.1
2007;1;17;0.0;7.9
2007;1;18;0.0;11.1
2007;1;19;0.4;13.9
2007;1;20;0.6;11.8
2007;1;21;0.4;9.2
2007;1;22;3.6;5.8
2007;1;23;3.2;1.5
2007;1;24;0.0;1.0
2007;1;25;0.0;0.8
2007;1;26;0.0;-3.2
2007;1;27;0.0;-2.0
2007;1;28;0.0;-2.4
2007;1;29;0.0;-2.5
2007;1;30;0.0;-0.7
2007;1;31;0.0;2.6
2007;2;1;0.0;2.9
2007;2;2;0.0;4.3
2007;2;3;0.0;3.3
2007;2;4;0.0;4.3
2007;2;5;2.8;7.3
2007;2;6;1.4;7.7
2007;2;7;2.4;7.2
2007;2;8;3.4;7.6
2007;2;9;3.4;7.1
2007;2;10;6.0;8.1
2007;2;11;2.6;11.2
2007;2;12;12.4;9.5
2007;2;13;0.0;9.6
2007;2;14;0.0;10.4
2007;2;15;0.0;8.8
2007;2;16;0.0;12.0
2007;2;17;1.2;11.7
2007;2;18;3.4;7.5
2007;2;19;0.0;8.8
2007;2;20;0.0;9.1
2007;2;21;0.2;9.0
2007;2;22;0.2;7.6
2007;2;23;3.8;10.7
2007;2;24;3.0;11.3
2007;2;25;9.0;9.8
2007;2;26;6.2;8.9
2007;2;27;0.4;10.8
2007;2;28;0.8;10.7
2007;3;1;0.2;11.4
2007;3;2;0.0;13.5
2007;3;3;0.8;14.0
2007;3;4;0.4;13.4
2007;3;5;0.0;10.7
2007;3;6;4.8;10.1
2007;3;7;9.2;9.5
2007;3;8;0.2;9.3
2007;3;9;0.0;8.9
2007;3;10;0.0;8.4
2007;3;11;0.0;8.5
2007;3;12;0.0;10.0
2007;3;13;0.0;10.4
2007;3;14;0.0;10.1
2007;3;15;0.0;11.7
2007;3;16;0.0;11.6
2007;3;17;0.0;10.9
2007;3;18;3.4;10.0
2007;3;19;5.4;5.4
2007;3;20;2.2;3.1
2007;3;21;0.0;3.9
2007;3;22;0.0;4.7
2007;3;23;7.0;6.0
2007;3;24;4.8;5.9
2007;3;25;4.4;5.8
2007;3;26;0.0;8.7
2007;3;27;0.0;11.4
2007;3;28;0.8;9.2
2007;3;29;2.2;9.5
2007;3;30;5.4;7.3
2007;3;31;0.2;6.8
2007;4;1;0.0;11.3
2007;4;2;0.0;13.9
2007;4;3;10.4;11.7
2007;4;4;0.4;7.7
2007;4;5;0.0;7.5
2007;4;6;0.0;11.0
2007;4;7;0.0;13.2
2007;4;8;0.0;14.5
2007;4;9;0.0;13.8
2007;4;10;0.0;14.6
2007;4;11;0.0;14.6
2007;4;12;6.8;13.4
2007;4;13;5.4;13.3
2007;4;14;0.8;13.2
2007;4;15;0.2;14.1
2007;4;16;5.8;15.1
2007;4;17;0.0;15.1
2007;4;18;0.0;17.3
2007;4;19;0.0;17.4
2007;4;20;0.0;18.4
2007;4;21;0.0;18.9
2007;4;22;0.0;19.2
2007;4;23;0.0;20.5
2007;4;24;0.0;21.3
2007;4;25;0.0;16.9
2007;4;26;0.0;18.1
2007;4;27;0.0;18.0
2007;4;28;0.0;18.4
2007;4;29;26.0;16.9
2007;4;30;17.0;16.1
2007;5;1;30.6;10.3
2007;5;2;0.2;12.0
2007;5;3;24.6;12.0
2007;5;4;0.4;13.1
2007;5;5;1.8;13.8
2007;5;6;0.2;15.1
2007;5;7;0.0;14.0
2007;5;8;0.0;15.0
2007;5;9;0.0;16.8
2007;5;10;0.0;20.8
2007;5;11;0.0;18.6
2007;5;12;0.0;20.2
2007;5;13;0.6;19.3
2007;5;14;9.8;12.8
2007;5;15;2.0;13.8
2007;5;16;1.4;13.7
2007;5;17;0.4;14.6
2007;5;18;0.0;17.1
2007;5;19;9.8;17.5
2007;5;20;0.0;18.1
2007;5;21;0.0;18.5
2007;5;22;0.0;18.3
2007;5;23;0.0;22.0
2007;5;24;0.0;23.2
2007;5;25;41.4;19.3
2007;5;26;17.4;13.8
2007;5;27;4.2;12.9
2007;5;28;3.0;11.2
2007;5;29;0.0;13.1
2007;5;30;1.0;17.2
2007;5;31;4.0;15.0
2007;6;1;2.8;14.1
2007;6;2;0.0;15.6
2007;6;3;0.0;19.1
2007;6;4;4.4;16.1
2007;6;5;1.8;17.5
2007;6;6;0.2;18.6
2007;6;7;0.0;21.0
2007;6;8;0.0;23.3
2007;6;9;0.0;24.3
2007;6;10;21.8;22.4
2007;6;11;0.0;20.3
2007;6;12;0.0;23.0
2007;6;13;0.0;23.1
2007;6;14;10.4;21.7
2007;6;15;1.0;19.9
2007;6;16;0.0;20.8
2007;6;17;0.0;21.0
2007;6;18;0.0;22.8
2007;6;19;0.0;23.6
2007;6;20;10.0;21.6
2007;6;21;0.0;18.2
2007;6;22;0.0;18.5
2007;6;23;0.0;18.7
2007;6;24;0.2;21.7
2007;6;25;0.2;16.6
2007;6;26;0.8;16.6
2007;6;27;0.0;16.1
2007;6;28;0.0;17.8
2007;6;29;0.0;18.2
2007;6;30;0.0;21.7
2007;7;1;1.2;19.7
2007;7;2;0.2;18.5
2007;7;3;2.0;18.5
2007;7;4;2.6;17.7
2007;7;5;0.0;18.5
2007;7;6;0.0;22.3
2007;7;7;1.2;24.6
2007;7;8;1.8;19.9
2007;7;9;0.6;17.1
2007;7;10;0.2;16.7
2007;7;11;0.6;17.0
2007;7;12;0.0;19.4
2007;7;13;0.0;22.7
2007;7;14;0.0;22.8
2007;7;15;0.0;24.1
2007;7;16;0.0;23.3
2007;7;17;0.0;24.5
2007;7;18;0.0;22.8
2007;7;19;0.0;23.2
2007;7;20;0.0;18.5
2007;7;21;3.0;17.6
2007;7;22;0.0;20.4
2007;7;23;0.2;20.3
2007;7;24;0.4;19.8
2007;7;25;0.0;20.4
2007;7;26;0.0;23.3
2007;7;27;0.0;23.3
2007;7;28;0.0;22.9
2007;7;29;0.0;21.1
2007;7;30;0.0;21.2
2007;7;31;0.0;23.3
2007;8;1;0.2;24.3
2007;8;2;0.0;22.0
2007;8;3;0.0;21.1
2007;8;4;0.0;24.0
2007;8;5;0.2;26.2
2007;8;6;4.2;19.8
2007;8;7;3.8;17.1
2007;8;8;0.0;18.7
2007;8;9;0.0;18.5
2007;8;10;0.0;19.5
2007;8;11;0.0;21.4
2007;8;12;0.0;22.5
2007;8;13;0.0;21.6
2007;8;14;0.0;25.3
2007;8;15;5.4;25.2
2007;8;16;0.6;18.1
2007;8;17;0.0;19.0
2007;8;18;0.0;20.5
2007;8;19;1.6;18.6
2007;8;20;7.6;16.5
2007;8;21;18.4;15.5
2007;8;22;1.2;16.4
2007;8;23;3.0;17.5
2007;8;24;0.0;20.2
2007;8;25;0.0;22.6
2007;8;26;0.0;27.1
2007;8;27;0.0;28.3
2007;8;28;0.0;28.0
2007;8;29;0.2;21.3
2007;8;30;0.0;17.8
2007;8;31;0.0;18.0
2007;9;1;0.0;19.0
2007;9;2;0.0;19.3
2007;9;3;0.0;19.4
2007;9;4;0.0;18.3
2007;9;5;0.0;16.5
2007;9;6;0.0;17.8
2007;9;7;0.0;19.4
2007;9;8;0.0;19.4
2007;9;9;0.0;19.4
2007;9;10;0.0;19.3
2007;9;11;0.0;18.8
2007;9;12;0.0;18.5
2007;9;13;0.0;20.8
2007;9;14;0.0;21.4
2007;9;15;0.0;21.6
2007;9;16;0.0;21.9
2007;9;17;20.4;20.1
2007;9;18;1.4;16.0
2007;9;19;0.0;14.2
2007;9;20;0.0;15.0
2007;9;21;0.4;18.6
2007;9;22;1.0;18.6
2007;9;23;0.6;17.3
2007;9;24;1.4;18.4
2007;9;25;1.8;14.6
2007;9;26;2.4;13.5
2007;9;27;2.6;10.0
2007;9;28;0.0;12.3
2007;9;29;0.0;14.9
2007;9;30;0.0;18.8
2007;10;1;0.0;20.7
2007;10;2;0.0;20.4
2007;10;3;0.0;18.9
2007;10;4;0.0;20.8
2007;10;5;0.2;19.7
2007;10;6;4.4;18.4
2007;10;7;0.0;18.7
2007;10;8;17.4;16.8
2007;10;9;0.4;15.9
2007;10;10;12.2;13.6
2007;10;11;0.2;12.5
2007;10;12;0.2;12.7
2007;10;13;0.2;12.5
2007;10;14;0.2;15.1
2007;10;15;0.0;17.0
2007;10;16;0.0;17.2
2007;10;17;0.0;17.4
2007;10;18;0.0;15.0
2007;10;19;0.0;11.0
2007;10;20;0.0;9.0
2007;10;21;0.0;7.8
2007;10;22;0.0;9.1
2007;10;23;0.0;9.2
2007;10;24;0.0;7.6
2007;10;25;0.0;8.7
2007;10;26;0.0;9.3
2007;10;27;0.0;10.4
2007;10;28;0.0;9.5
2007;10;29;0.8;9.9
2007;10;30;0.2;9.5
2007;10;31;0.0;8.0
2007;11;1;0.0;6.7
2007;11;2;0.0;6.2
2007;11;3;0.4;7.8
2007;11;4;0.0;9.6
2007;11;5;0.0;10.8
2007;11;6;0.0;9.6
2007;11;7;0.0;6.4
2007;11;8;0.0;6.6
2007;11;9;0.0;9.6
2007;11;10;0.0;6.0
2007;11;11;0.0;8.4
2007;11;12;0.0;10.9
2007;11;13;2.4;8.9
2007;11;14;0.0;8.7
2007;11;15;0.0;2.9
2007;11;16;0.0;0.4
2007;11;17;0.0;-0.4
2007;11;18;0.0;1.1
2007;11;19;0.0;10.9
2007;11;20;0.0;15.7
2007;11;21;0.0;13.6
2007;11;22;0.2;10.6
2007;11;23;0.0;9.2
2007;11;24;0.0;7.0
2007;11;25;0.0;5.8
2007;11;26;0.0;7.1
2007;11;27;0.0;4.8
2007;11;28;0.0;2.1
2007;11;29;0.0;3.5
2007;11;30;0.0;8.9
2007;12;1;3.8;8.0
2007;12;2;1.2;10.7
2007;12;3;2.8;11.4
2007;12;4;7.6;11.2
2007;12;5;0.2;8.8
2007;12;6;0.0;12.0
2007;12;7;5.8;11.1
2007;12;8;15.6;10.6
2007;12;9;6.6;11.2
2007;12;10;2.0;8.0
2007;12;11;0.0;5.9
2007;12;12;0.0;2.5
2007;12;13;0.0;0.7
2007;12;14;0.0;-0.9
2007;12;15;0.0;-0.5
2007;12;16;0.0;-2.0
2007;12;17;0.0;0.8
2007;12;18;0.0;5.4
2007;12;19;0.0;5.1
2007;12;20;0.0;8.6
2007;12;21;0.0;10.2
2007;12;22;0.0;9.3
2007;12;23;0.2;4.0
2007;12;24;0.0;1.9
2007;12;25;0.0;0.9
2007;12;26;0.0;3.1
2007;12;27;0.0;2.7
2007;12;28;0.0;1.6
2007;12;29;0.4;4.0
2007;12;30;0.0;7.2
2007;12;31;0.0;1.1
2008;1;1;0.0;-0.2
2008;1;2;0.2;6.1
2008;1;3;1.2;8.4
2008;1;4;0.0;7.8
2008;1;5;6.6;8.3
2008;1;6;0.6;13.2
2008;1;7;4.0;8.9
2008;1;8;0.0;8.6
2008;1;9;3.0;9.2
2008;1;10;0.0;9.1
2008;1;11;9.0;9.0
2008;1;12;0.2;6.5
2008;1;13;0.0;6.6
2008;1;14;0.0;8.9
2008;1;15;8.8;7.3
2008;1;16;12.0;7.4
2008;1;17;17.2;10.2
2008;1;18;0.2;12.8
2008;1;19;0.4;10.0
2008;1;20;0.0;6.7
2008;1;21;0.0;7.1
2008;1;22;0.0;10.9
2008;1;23;0.0;8.6
2008;1;24;0.0;6.6
2008;1;25;0.0;7.2
2008;1;26;0.2;4.1
2008;1;27;0.0;4.0
2008;1;28;0.0;4.0
2008;1;29;0.0;4.0
2008;1;30;2.4;5.9
2008;1;31;0.6;4.8
2008;2;1;0.2;6.5
2008;2;2;0.0;5.7
2008;2;3;3.8;5.9
2008;2;4;0.2;5.7
2008;2;5;0.0;6.8
2008;2;6;0.2;8.4
2008;2;7;0.0;7.6
2008;2;8;0.0;9.2
2008;2;9;0.0;8.9
2008;2;10;0.0;8.1
2008;2;11;0.0;8.2
2008;2;12;0.0;9.5
2008;2;13;0.0;7.9
2008;2;14;0.0;9.2
2008;2;15;0.0;6.3
2008;2;16;0.0;6.1
2008;2;17;0.0;9.8
2008;2;18;0.0;10.4
2008;2;19;0.0;11.5
2008;2;20;0.0;11.5
2008;2;21;0.0;12.3
2008;2;22;0.0;10.9
2008;2;23;0.0;11.2
2008;2;24;0.0;12.4
2008;2;25;0.0;12.2
2008;2;26;0.4;13.4
2008;2;27;0.4;13.4
2008;2;28;0.0;13.0
2008;2;29;0.6;13.1
2008;3;1;0.2;12.6
2008;3;2;0.0;11.6
2008;3;3;2.2;10.3
2008;3;4;6.0;4.8
2008;3;5;0.0;3.7
2008;3;6;0.0;4.5
2008;3;7;1.0;6.6
2008;3;8;0.0;8.0
2008;3;9;1.2;6.0
2008;3;10;8.0;6.5
2008;3;11;3.8;11.2
2008;3;12;0.2;12.8
2008;3;13;0.0;12.3
2008;3;14;0.0;13.1
2008;3;15;0.8;12.1
2008;3;16;0.4;11.6
2008;3;17;0.0;11.4
2008;3;18;0.0;9.4
2008;3;19;0.0;6.5
2008;3;20;0.0;5.7
2008;3;21;2.8;7.7
2008;3;22;3.2;5.6
2008;3;23;2.8;4.0
2008;3;24;2.2;6.2
2008;3;25;4.4;9.6
2008;3;26;6.4;8.7
2008;3;27;1.6;6.2
2008;3;28;0.6;10.5
2008;3;29;0.0;11.7
2008;3;30;7.0;10.1
2008;3;31;7.0;8.7
2008;4;1;0.2;11.7
2008;4;2;0.0;12.9
2008;4;3;0.2;12.2
2008;4;4;0.0;10.9
2008;4;5;0.0;11.4
2008;4;6;0.0;9.7
2008;4;7;0.4;7.4
2008;4;8;0.6;11.9
2008;4;9;0.0;15.7
2008;4;10;29.0;15.1
2008;4;11;2.6;8.9
2008;4;12;0.6;9.3
2008;4;13;2.0;10.7
2008;4;14;0.4;9.6
2008;4;15;0.0;9.8
2008;4;16;0.0;11.3
2008;4;17;4.8;10.1
2008;4;18;5.2;10.4
2008;4;19;0.0;11.7
2008;4;20;15.0;11.0
2008;4;21;8.0;9.8
2008;4;22;1.0;11.1
2008;4;23;0.2;12.1
2008;4;24;0.0;14.0
2008;4;25;0.0;14.6
2008;4;26;0.0;16.9
2008;4;27;0.0;16.6
2008;4;28;3.8;11.3
2008;4;29;2.2;12.3
2008;4;30;0.0;11.9
2008;5;1;0.0;13.6
2008;5;2;0.0;16.9
2008;5;3;0.0;18.2
2008;5;4;0.6;19.1
2008;5;5;7.2;15.0
2008;5;6;0.0;15.9
2008;5;7;0.0;17.9
2008;5;8;0.0;18.0
2008;5;9;0.0;16.2
2008;5;10;0.0;17.2
2008;5;11;0.0;17.6
2008;5;12;0.8;16.3
2008;5;13;0.0;17.7
2008;5;14;4.6;15.9
2008;5;15;29.4;17.1
2008;5;16;3.4;15.3
2008;5;17;10.0;15.1
2008;5;18;0.0;15.4
2008;5;19;0.8;15.4
2008;5;20;0.0;16.5
2008;5;21;0.0;17.0
2008;5;22;0.0;16.4
2008;5;23;2.6;17.6
2008;5;24;22.8;16.5
2008;5;25;4.4;13.7
2008;5;26;8.6;17.1
2008;5;27;20.4;14.7
2008;5;28;0.0;16.3
2008;5;29;0.0;19.2
2008;5;30;0.4;18.7
2008;5;31;0.0;18.6
2008;6;1;6.6;17.5
2008;6;2;2.0;16.7
2008;6;3;9.6;15.6
2008;6;4;0.0;16.3
2008;6;5;0.0;15.4
2008;6;6;1.0;15.4
2008;6;7;0.0;14.4
2008;6;8;2.4;13.5
2008;6;9;0.0;17.5
2008;6;10;3.0;18.9
2008;6;11;6.4;18.1
2008;6;12;5.8;19.2
2008;6;13;4.4;14.9
2008;6;14;0.0;16.3
2008;6;15;2.4;16.3
2008;6;16;2.8;17.2
2008;6;17;0.6;16.9
2008;6;18;0.0;18.7
2008;6;19;0.0;21.9
2008;6;20;0.0;23.8
2008;6;21;0.0;26.7
2008;6;22;0.0;25.5
2008;6;23;0.0;23.8
2008;6;24;0.0;22.7
2008;6;25;0.0;21.7
2008;6;26;2.0;23.3
2008;6;27;0.0;21.3
2008;6;28;0.0;22.3
2008;6;29;0.0;24.2
2008;6;30;0.0;24.4
2008;7;1;0.0;25.9
2008;7;2;3.6;21.2
2008;7;3;0.4;16.8
2008;7;4;0.0;21.4
2008;7;5;1.0;21.8
2008;7;6;0.6;16.7
2008;7;7;0.0;18.1
2008;7;8;0.0;19.1
2008;7;9;0.0;23.2
2008;7;10;0.0;26.1
2008;7;11;12.4;22.0
2008;7;12;14.6;16.4
2008;7;13;0.6;16.5
2008;7;14;0.0;18.9
2008;7;15;0.0;20.6
2008;7;16;0.0;22.1
2008;7;17;0.0;20.4
2008;7;18;0.0;20.9
2008;7;19;0.2;24.9
2008;7;20;0.0;21.8
2008;7;21;0.0;20.1
2008;7;22;0.0;20.1
2008;7;23;0.0;23.4
2008;7;24;0.0;23.1
2008;7;25;4.2;23.5
2008;7;26;2.4;21.4
2008;7;27;0.0;24.2
2008;7;28;20.0;24.8
2008;7;29;0.0;22.4
2008;7;30;0.0;25.9
2008;7;31;0.0;27.1
2008;8;1;0.0;21.8
2008;8;2;0.0;22.6
2008;8;3;0.0;24.3
2008;8;4;0.0;23.0
2008;8;5;4.6;25.9
2008;8;6;3.0;26.4
2008;8;7;0.8;21.7
2008;8;8;0.4;20.7
2008;8;9;0.0;19.8
2008;8;10;3.2;22.4
2008;8;11;0.4;21.7
2008;8;12;0.8;21.4
2008;8;13;0.0;19.9
2008;8;14;22.6;18.5
2008;8;15;0.4;16.5
2008;8;16;0.0;18.5
2008;8;17;0.2;20.2
2008;8;18;0.0;23.6
2008;8;19;0.2;19.1
2008;8;20;0.0;19.5
2008;8;21;8.4;22.1
2008;8;22;2.6;19.3
2008;8;23;0.2;18.0
2008;8;24;0.0;18.9
2008;8;25;0.0;19.9
2008;8;26;0.0;20.8
2008;8;27;0.0;22.4
2008;8;28;0.2;23.3
2008;8;29;0.0;24.7
2008;8;30;0.0;26.8
2008;8;31;0.2;21.6
2008;9;1;0.0;21.4
2008;9;2;0.0;22.8
2008;9;3;0.0;22.4
2008;9;4;0.0;21.9
2008;9;5;1.6;23.6
2008;9;6;6.2;17.6
2008;9;7;0.0;18.4
2008;9;8;0.0;20.9
2008;9;9;0.0;22.0
2008;9;10;5.2;24.1
2008;9;11;4.4;19.3
2008;9;12;0.4;14.9
2008;9;13;1.4;14.0
2008;9;14;0.0;15.3
2008;9;15;0.0;15.8
2008;9;16;0.0;14.4
2008;9;17;0.0;17.1
2008;9;18;0.0;18.8
2008;9;19;0.0;19.5
2008;9;20;0.2;17.5
2008;9;21;0.0;17.6
2008;9;22;0.0;16.9
2008;9;23;0.0;15.6
2008;9;24;0.0;14.1
2008;9;25;0.0;15.1
2008;9;26;0.0;15.8
2008;9;27;0.0;16.5
2008;9;28;0.0;16.0
2008;9;29;0.0;16.0
2008;9;30;0.0;15.3
2008;10;1;0.0;15.9
2008;10;2;3.0;14.0
2008;10;3;2.6;10.9
2008;10;4;0.0;10.4
2008;10;5;0.0;12.7
2008;10;6;0.0;16.4
2008;10;7;17.2;16.3
2008;10;8;0.0;13.8
2008;10;9;0.0;13.2
2008;10;10;0.2;15.4
2008;10;11;0.0;18.5
2008;10;12;0.0;19.8
2008;10;13;0.0;19.1
2008;10;14;0.2;17.7
2008;10;15;0.0;17.4
2008;10;16;3.2;15.8
2008;10;17;0.0;15.0
2008;10;18;0.0;12.7
2008;10;19;0.0;14.0
2008;10;20;0.0;19.9
2008;10;21;1.6;18.7
2008;10;22;0.0;10.6
2008;10;23;0.0;8.4
2008;10;24;0.0;9.8
2008;10;25;0.0;12.1
2008;10;26;0.2;11.7
2008;10;27;20.0;11.9
2008;10;28;3.2;9.3
2008;10;29;3.2;6.9
2008;10;30;12.2;7.3
2008;10;31;0.0;10.0
2008;11;1;1.6;12.6
2008;11;2;5.4;9.0
2008;11;3;0.0;10.1
2008;11;4;13.8;9.9
2008;11;5;29.8;10.2
2008;11;6;3.4;10.6
2008;11;7;0.6;9.8
2008;11;8;0.2;9.3
2008;11;9;0.2;10.8
2008;11;10;0.0;13.0
2008;11;11;5.6;11.9
2008;11;12;3.8;9.5
2008;11;13;0.0;8.1
2008;11;14;0.0;7.9
2008;11;15;0.0;8.4
2008;11;16;0.0;9.2
2008;11;17;0.0;9.8
2008;11;18;2.0;9.7
2008;11;19;0.0;10.2
2008;11;20;0.2;9.7
2008;11;21;3.0;11.1
2008;11;22;5.8;9.2
2008;11;23;6.8;9.1
2008;11;24;6.8;6.1
2008;11;25;1.6;2.9
2008;11;26;0.0;3.1
2008;11;27;0.0;3.1
2008;11;28;0.0;2.8
2008;11;29;3.0;3.5
2008;11;30;1.0;5.0
2008;12;1;1.4;5.4
2008;12;2;1.0;4.5
2008;12;3;3.8;6.5
2008;12;4;5.2;8.9
2008;12;5;7.2;9.8
2008;12;6;0.8;9.8
2008;12;7;0.0;6.4
2008;12;8;2.8;6.9
2008;12;9;1.4;7.0
2008;12;10;0.2;2.7
2008;12;11;0.2;2.7
2008;12;12;0.0;4.3
2008;12;13;13.6;6.1
2008;12;14;6.2;4.5
2008;12;15;1.6;4.0
2008;12;16;0.4;3.1
2008;12;17;2.6;3.3
2008;12;18;0.6;6.2
2008;12;19;0.4;8.5
2008;12;20;0.0;8.9
2008;12;21;0.0;8.6
2008;12;22;0.0;1.7
2008;12;23;0.0;0.8
2008;12;24;0.0;0.9
2008;12;25;0.0;-0.1
2008;12;26;4.8;0.8
2008;12;27;0.0;5.1
2008;12;28;0.0;6.7
2008;12;29;1.0;6.0
2008;12;30;0.0;8.9
2008;12;31;0.0;9.3
2009;1;1;0.0;9.6
2009;1;2;0.0;7.3
2009;1;3;0.0;4.1
2009;1;4;0.0;3.5
2009;1;5;0.0;2.7
2009;1;6;0.0;0.4
2009;1;7;0.4;-3.1
2009;1;8;0.0;-3.1
2009;1;9;6.2;-0.5
2009;1;10;0.0;3.4
2009;1;11;0.0;2.4
2009;1;12;0.0;0.3
2009;1;13;0.2;2.0
2009;1;14;0.0;5.4
2009;1;15;0.0;4.3
2009;1;16;0.0;6.4
2009;1;17;0.0;4.7
2009;1;18;1.4;7.0
2009;1;19;14.0;8.9
2009;1;20;0.2;5.0
2009;1;21;0.4;4.2
2009;1;22;24.8;4.5
2009;1;23;13.6;10.8
2009;1;24;3.0;7.6
2009;1;25;8.6;5.7
2009;1;26;1.2;5.8
2009;1;27;0.0;6.2
2009;1;28;12.8;4.8
2009;1;29;0.0;7.1
2009;1;30;0.0;6.2
2009;1;31;1.4;10.6
2009;2;1;0.0;9.8
2009;2;2;2.4;8.7
2009;2;3;0.0;4.1
2009;2;4;0.0;7.1
2009;2;5;0.0;6.3
2009;2;6;4.0;4.1
2009;2;7;0.0;4.4
2009;2;8;0.8;4.4
2009;2;9;0.0;10.8
2009;2;10;4.0;7.9
2009;2;11;7.2;3.2
2009;2;12;0.4;4.1
2009;2;13;0.2;3.7
2009;2;14;0.0;4.9
2009;2;15;0.0;1.5
2009;2;16;0.0;1.6
2009;2;17;0.0;4.9
2009;2;18;0.0;7.7
2009;2;19;0.0;5.1
2009;2;20;0.0;4.0
2009;2;21;0.0;5.9
2009;2;22;0.0;6.9
2009;2;23;0.4;7.6
2009;2;24;0.0;8.1
2009;2;25;0.0;7.1
2009;2;26;0.0;7.6
2009;2;27;0.0;8.7
2009;2;28;0.0;10.3
2009;3;1;0.0;10.0
2009;3;2;1.4;9.1
2009;3;3;0.0;7.1
2009;3;4;6.0;5.2
2009;3;5;2.0;4.6
2009;3;6;0.0;6.1
2009;3;7;0.4;7.7
2009;3;8;2.4;10.1
2009;3;9;0.4;9.4
2009;3;10;0.0;8.8
2009;3;11;0.0;9.5
2009;3;12;0.0;9.9
2009;3;13;0.0;12.8
2009;3;14;0.4;12.5
2009;3;15;0.2;11.9
2009;3;16;0.0;11.3
2009;3;17;0.0;12.1
2009;3;18;0.0;13.5
2009;3;19;0.0;14.0
2009;3;20;0.0;11.8
2009;3;21;0.0;8.8
2009;3;22;0.0;9.0
2009;3;23;0.0;10.7
2009;3;24;2.8;9.0
2009;3;25;0.0;8.3
2009;3;26;0.0;11.4
2009;3;27;0.0;10.8
2009;3;28;3.8;7.8
2009;3;29;0.0;8.7
2009;3;30;0.0;8.1
2009;3;31;0.6;8.7
2009;4;1;0.2;10.8
2009;4;2;0.0;10.4
2009;4;3;0.2;10.9
2009;4;4;0.0;11.1
2009;4;5;0.0;13.5
2009;4;6;8.8;13.9
2009;4;7;12.2;9.1
2009;4;8;0.0;10.3
2009;4;9;0.0;13.3
2009;4;10;5.2;12.1
2009;4;11;16.2;7.8
2009;4;12;8.6;7.6
2009;4;13;0.0;11.1
2009;4;14;0.0;13.6
2009;4;15;1.4;12.2
2009;4;16;10.6;10.5
2009;4;17;3.8;10.6
2009;4;18;0.0;12.0
2009;4;19;0.2;11.6
2009;4;20;29.6;10.4
2009;4;21;0.2;13.4
2009;4;22;0.0;14.7
2009;4;23;0.0;15.8
2009;4;24;3.6;14.9
2009;4;25;6.6;10.9
2009;4;26;19.4;7.9
2009;4;27;7.0;11.1
2009;4;28;2.4;11.0
2009;4;29;1.8;11.9
2009;4;30;3.0;12.9
2009;5;1;0.0;13.2
2009;5;2;0.0;15.3
2009;5;3;0.0;16.8
2009;5;4;0.0;14.9
2009;5;5;0.0;14.9
2009;5;6;0.0;18.2
2009;5;7;0.0;18.7
2009;5;8;0.8;15.1
2009;5;9;0.0;17.8
2009;5;10;1.0;17.8
2009;5;11;2.2;17.8
2009;5;12;0.0;18.5
2009;5;13;18.6;17.3
2009;5;14;5.6;13.4
2009;5;15;0.4;12.2
2009;5;16;0.0;16.7
2009;5;17;3.4;16.0
2009;5;18;0.0;17.1
2009;5;19;0.2;18.0
2009;5;20;0.0;20.0
2009;5;21;0.0;18.8
2009;5;22;0.0;20.0
2009;5;23;0.0;21.4
2009;5;24;0.0;21.8
2009;5;25;15.2;19.8
2009;5;26;0.8;14.7
2009;5;27;0.0;14.6
2009;5;28;0.0;18.3
2009;5;29;0.0;20.9
2009;5;30;0.0;21.1
2009;5;31;0.2;20.3
2009;6;1;0.0;20.7
2009;6;2;0.0;21.2
2009;6;3;0.0;22.6
2009;6;4;1.4;22.1
2009;6;5;15.2;18.6
2009;6;6;1.0;16.7
2009;6;7;0.0;17.5
2009;6;8;1.8;18.0
2009;6;9;0.0;18.0
2009;6;10;3.2;21.0
2009;6;11;0.0;18.7
2009;6;12;0.0;21.5
2009;6;13;0.0;24.9
2009;6;14;0.6;22.5
2009;6;15;1.2;21.9
2009;6;16;0.0;20.2
2009;6;17;0.0;24.3
2009;6;18;0.0;24.6
2009;6;19;2.6;20.0
2009;6;20;0.0;18.7
2009;6;21;0.0;17.8
2009;6;22;0.0;19.2
2009;6;23;0.0;20.0
2009;6;24;0.0;21.5
2009;6;25;0.0;20.6
2009;6;26;10.0;20.7
2009;6;27;0.0;22.0
2009;6;28;0.0;25.2
2009;6;29;0.0;25.0
2009;6;30;0.0;27.2
2009;7;1;0.0;27.8
2009;7;2;1.4;22.8
2009;7;3;0.0;25.1
2009;7;4;0.6;23.5
2009;7;5;0.0;23.4
2009;7;6;0.2;21.3
2009;7;7;0.0;19.3
2009;7;8;0.0;20.1
2009;7;9;0.0;20.2
2009;7;10;0.0;20.0
2009;7;11;0.0;22.5
2009;7;12;0.0;24.8
2009;7;13;0.0;25.0
2009;7;14;0.4;21.1
2009;7;15;0.0;24.9
2009;7;16;7.8;25.1
2009;7;17;2.8;16.7
2009;7;18;0.0;18.4
2009;7;19;0.0;20.5
2009;7;20;3.6;23.7
2009;7;21;0.0;24.3
2009;7;22;0.0;25.2
2009;7;23;0.0;24.9
2009;7;24;0.0;22.6
2009;7;25;0.0;21.0
2009;7;26;0.0;24.7
2009;7;27;0.0;21.9
2009;7;28;0.0;23.0
2009;7;29;0.0;24.5
2009;7;30;0.0;22.0
2009;7;31;0.0;23.6
2009;8;1;3.8;22.3
2009;8;2;0.4;19.8
2009;8;3;0.0;20.1
2009;8;4;0.0;23.2
2009;8;5;0.0;26.9
2009;8;6;2.2;25.1
2009;8;7;0.0;21.5
2009;8;8;1.6;22.6
2009;8;9;4.6;19.0
2009;8;10;0.0;21.7
2009;8;11;0.0;23.5
2009;8;12;0.0;23.9
2009;8;13;0.0;25.3
2009;8;14;0.0;26.7
2009;8;15;0.0;27.3
2009;8;16;0.0;27.3
2009;8;17;0.0;25.8
2009;8;18;0.0;27.2
2009;8;19;0.0;29.7
2009;8;20;0.0;26.7
2009;8;21;0.0;24.2
2009;8;22;0.0;23.9
2009;8;23;0.0;25.9
2009;8;24;5.0;23.6
2009;8;25;3.6;19.5
2009;8;26;0.0;23.7
2009;8;27;0.0;25.1
2009;8;28;0.0;22.7
2009;8;29;0.0;19.1
2009;8;30;0.0;19.7
2009;8;31;0.0;22.6
2009;9;1;0.2;21.8
2009;9;2;0.0;22.7
2009;9;3;0.0;20.6
2009;9;4;0.0;18.8
2009;9;5;0.0;17.2
2009;9;6;0.0;19.6
2009;9;7;0.0;22.9
2009;9;8;0.0;23.0
2009;9;9;0.0;22.2
2009;9;10;0.0;22.9
2009;9;11;0.0;21.6
2009;9;12;0.0;21.2
2009;9;13;0.0;20.6
2009;9;14;0.0;18.2
2009;9;15;0.0;16.3
2009;9;16;0.0;16.3
2009;9;17;0.0;18.6
2009;9;18;5.2;18.7
2009;9;19;5.2;16.3
2009;9;20;12.2;15.6
2009;9;21;0.0;17.7
2009;9;22;0.2;16.7
2009;9;23;0.2;18.4
2009;9;24;0.0;20.5
2009;9;25;0.0;19.6
2009;9;26;0.0;17.6
2009;9;27;8.8;19.2
2009;9;28;0.2;19.7
2009;9;29;0.0;19.8
2009;9;30;0.0;20.6
2009;10;1;0.0;20.2
2009;10;2;0.0;17.6
2009;10;3;0.0;16.0
2009;10;4;0.0;16.4
2009;10;5;0.0;20.8
2009;10;6;0.0;23.0
2009;10;7;0.6;21.9
2009;10;8;11.6;20.4
2009;10;9;0.0;18.4
2009;10;10;5.0;17.1
2009;10;11;0.4;18.5
2009;10;12;1.0;16.0
2009;10;13;0.0;12.2
2009;10;14;0.0;11.6
2009;10;15;0.0;8.1
2009;10;16;0.0;6.9
2009;10;17;0.0;9.8
2009;10;18;0.0;8.3
2009;10;19;0.0;9.4
2009;10;20;0.0;17.2
2009;10;21;1.8;12.4
2009;10;22;1.0;11.3
2009;10;23;0.6;13.9
2009;10;24;1.2;18.2
2009;10;25;0.8;16.6
2009;10;26;0.2;13.5
2009;10;27;0.0;13.5
2009;10;28;0.2;15.1
2009;10;29;0.2;15.4
2009;10;30;0.0;15.7
2009;10;31;0.2;14.9
2009;11;1;16.6;14.7
2009;11;2;12.4;12.0
2009;11;3;7.2;13.9
2009;11;4;4.8;11.3
2009;11;5;1.0;9.0
2009;11;6;0.6;9.3
2009;11;7;7.4;9.5
2009;11;8;3.2;8.1
